标题,一作,作者,国家,单位,DOI,PDF
1dFuzz: Reproduce 1-Day Vulnerabilities with Directed Differential Fuzzing,Songtao Yang,"Songtao Yang, Yubo He, Kaixiang Chen, Zheyu Ma, Xiapu Luo, Yong Xie, Jianjun Chen, Chao Zhang",China,Tsinghua University,https://doi.org/10.1145/3597926.3598102,https://dl.acm.org/doi/pdf/10.1145/3597926.3598102
A Bayesian Framework for Automated Debugging,Sungmin Kang,"Sungmin Kang, Wonkeun Choi, Shin Yoo",South Korea,KAIST,https://doi.org/10.1145/3597926.3598103,https://dl.acm.org/doi/pdf/10.1145/3597926.3598103
ACETest: Automated Constraint Extraction for Testing Deep Learning Operators,Jingyi Shi,"Jingyi Shi, Yang Xiao, Yuekang Li, Yeting Li, DongSong Yu, Chendong Yu, Hui Su, Yufeng Chen, Wei Huo",China,Institute of Information Engineering at Chinese Academy of Sciences; University of Chinese Academy of Sciences,https://doi.org/10.1145/3597926.3598088,https://dl.acm.org/doi/pdf/10.1145/3597926.3598088
A Comprehensive Study on Quality Assurance Tools for Java,Han Liu,"Han Liu, Sen Chen, Ruitao Feng, Chengwei Liu, Kaixuan Li, Zhengzi Xu, Liming Nie, Yang Liu, Yixiang Chen",China,East China Normal University,https://doi.org/10.1145/3597926.3598056,https://dl.acm.org/doi/pdf/10.1145/3597926.3598056
AGORA: Automated Generation of Test Oracles for REST APIs,Juan C. Alonso,"Juan C. Alonso, Sergio Segura, Antonio Ruiz-Cortés",Spain,University of Seville,https://doi.org/10.1145/3597926.3598114,https://dl.acm.org/doi/pdf/10.1145/3597926.3598114
Alligator in Vest: A Practical Failure-Diagnosis Framework via Arm Hardware Features,Yiming Zhang,"Yiming Zhang, Yuxin Hu, Haonan Li, Wenxuan Shi, Zhenyu Ning, Xiapu Luo, Fengwei Zhang",China,Southern University of Science and Technology; Hong Kong Polytechnic University,https://doi.org/10.1145/3597926.3598106,https://dl.acm.org/doi/pdf/10.1145/3597926.3598106
An Empirical Study of Functional Bugs in Android Apps,Yiheng Xiong,"Yiheng Xiong, Mengqian Xu, Ting Su, Jingling Sun, Jue Wang, He Wen, Geguang Pu, Jifeng He, Zhendong Su",China,East China Normal University,https://doi.org/10.1145/3597926.3598138,https://dl.acm.org/doi/pdf/10.1145/3597926.3598138
An Empirical Study on Concurrency Bugs in Interrupt-Driven Embedded Software,Chao Li,"Chao Li, Rui Chen, Boxiang Wang, Zhixuan Wang, Tingting Yu, Yunsong Jiang, Mengfei Yang",China,Beijing Institute of Control Engineering; Beijing Sunwise Information Technology,https://doi.org/10.1145/3597926.3598140,https://dl.acm.org/doi/pdf/10.1145/3597926.3598140
An Empirical Study on the Effects of Obfuscation on Static Machine Learning-Based Malicious JavaScript Detectors,Kunlun Ren,"Kunlun Ren, Qiang Weizhong, Yueming Wu, yi zhou, Deqing Zou, Hai Jin",China,Huazhong University of Science and Technology,https://doi.org/10.1145/3597926.3598146,https://dl.acm.org/doi/pdf/10.1145/3597926.3598146
API2Vec: Learning Representations of API Sequences for Malware Detection,Lei Cui,"Lei Cui, Jiancong Cui, Yuede Ji, Zhiyu Hao, Lun Li, Zhenquan Ding",China,Zhongguancun Laboratory,https://doi.org/10.1145/3597926.3598054,https://dl.acm.org/doi/pdf/10.1145/3597926.3598054
Applying and Extending the Delta Debugging Algorithm for Elevator Dispatching Algorithms (Experience Paper),Pablo Valle,"Pablo Valle, Aitor Arrieta, Maite Arratibel",Spain,Mondragon University,https://doi.org/10.1145/3597926.3598117,https://dl.acm.org/doi/pdf/10.1145/3597926.3598117
A Tale of Two Approximations: Tightening Over-Approximation for DNN Robustness Verification via Under-Approximation,Zhiyi Xue,"Zhiyi Xue, Si Liu, Zhaodi Zhang, Yiting Wu, Min Zhang",China,East China Normal University,https://doi.org/10.1145/3597926.3598127,https://dl.acm.org/doi/pdf/10.1145/3597926.3598127
Automated Generation of Security-Centric Descriptions for Smart Contract Bytecode,Yu Pan,"Yu Pan, Zhichao Xu, Levi Taiji Li, Yunhe Yang, Mu Zhang",United States,University of Utah,https://doi.org/10.1145/3597926.3598132,https://dl.acm.org/doi/pdf/10.1145/3597926.3598132
Automated Program Repair from Fuzzing Perspective,YoungJae Kim,"YoungJae Kim, Seungheon Han, Askar Yeltayuly Khamit, Jooyong Yi",South Korea,Ulsan National Institute of Science and Technology,https://doi.org/10.1145/3597926.3598101,https://dl.acm.org/doi/pdf/10.1145/3597926.3598101
Automatically Reproducing Android Bug Reports using Natural Language Processing and Reinforcement Learning,Zhaoxu Zhang,"Zhaoxu Zhang, Robert Winn, Yu Zhao, Tingting Yu, William G.J. Halfond",United States,University of Southern California,https://doi.org/10.1145/3597926.3598066,https://dl.acm.org/doi/pdf/10.1145/3597926.3598066
Back Deduction Based Testing for Word Sense Disambiguation Ability of Machine Translation Systems,Jun Wang,"Jun Wang, Yanhui Li, Xiang Huang, Lin Chen, Xiaofang Zhang, Yuming Zhou",China,Nanjing University,https://doi.org/10.1145/3597926.3598081,https://dl.acm.org/doi/pdf/10.1145/3597926.3598081
BehAVExplor: Behavior Diversity Guided Testing for Autonomous Driving Systems,Mingfei Cheng,"Mingfei Cheng, Yuan Zhou, Xiaofei Xie",Singapore,Singapore Management University,https://doi.org/10.1145/3597926.3598072,https://dl.acm.org/doi/pdf/10.1145/3597926.3598072
Beware of the Unexpected: Bimodal Taint Analysis,Yiu Wai Chow,"Yiu Wai Chow, Max Schaefer, Michael Pradel",Germany,University of Stuttgart,https://doi.org/10.1145/3597926.3598050,https://dl.acm.org/doi/pdf/10.1145/3597926.3598050
Beyond “Protected” and “Private”: An Empirical Security Analysis of Custom Function Modifiers in Smart Contracts,Yuzhou Fang,"Yuzhou Fang, Daoyuan Wu, Xiao Yi, Shuai Wang, Yufan Chen, Mengjie Chen, Yang Liu, Lingxiao Jiang",China,Hong Kong University of Science and Technology,https://doi.org/10.1145/3597926.3598125,https://dl.acm.org/doi/pdf/10.1145/3597926.3598125
Building Critical Testing Scenarios for Autonomous Driving from Real Accidents,Xudong Zhang,"Xudong Zhang, Yan Cai",China,Institute of Software at Chinese Academy of Sciences,https://doi.org/10.1145/3597926.3598070,https://dl.acm.org/doi/pdf/10.1145/3597926.3598070
Catamaran: Low-Overhead Memory Safety Enforcement via Parallel Acceleration,Yiyu Zhang,"Yiyu Zhang, Tianyi Liu, Zewen Sun, Zhe Chen, Xuandong Li, Zhiqiang Zuo",China,Nanjing University,https://doi.org/10.1145/3597926.3598098,https://dl.acm.org/doi/pdf/10.1145/3597926.3598098
CGuard: Scalable and Precise Object Bounds Protection for C,Piyus Kedia,"Piyus Kedia, Rahul Purandare, Udit Kumar Agarwal,  Rishabh",India,IIIT Delhi,https://doi.org/10.1145/3597926.3598137,https://dl.acm.org/doi/pdf/10.1145/3597926.3598137
CILIATE: Towards Fairer Class-Based Incremental Learning by Dataset and Training Refinement,Xuanqi Gao,"Xuanqi Gao, Juan Zhai, Shiqing Ma, Chao Shen, Yufei Chen, Shiwei Wang",China,Xi’an Jiaotong University,https://doi.org/10.1145/3597926.3598071,https://dl.acm.org/doi/pdf/10.1145/3597926.3598071
CodeGrid: A Grid Representation of Code,Abdoul Kader Kaboré,"Abdoul Kader Kaboré, Earl T. Barr, Jacques Klein, Tegawendé F. Bissyandé",Luxembourg,University of Luxembourg,https://doi.org/10.1145/3597926.3598141,https://dl.acm.org/doi/pdf/10.1145/3597926.3598141
CODEP: Grammatical Seq2Seq Model for General-Purpose Code Generation,Yihong Dong,"Yihong Dong, Ge Li, Zhi Jin",China,Peking University,https://doi.org/10.1145/3597926.3598048,https://dl.acm.org/doi/pdf/10.1145/3597926.3598048
COME: Commit Message Generation with Modification Embedding,Yichen He,"Yichen He, Liran Wang, Kaiyi Wang, Yupeng Zhang, Hang Zhang, Zhoujun Li",China,Beihang University,https://doi.org/10.1145/3597926.3598096,https://dl.acm.org/doi/pdf/10.1145/3597926.3598096
Concept-Based Automated Grading of CS-1 Programming Assignments,Zhiyu Fan,"Zhiyu Fan, Shin Hwei Tan, Abhik Roychoudhury",Singapore,National University of Singapore,https://doi.org/10.1145/3597926.3598049,https://dl.acm.org/doi/pdf/10.1145/3597926.3598049
CONCORD: Clone-Aware Contrastive Learning for Source Code,Yangruibo Ding,"Yangruibo Ding, Saikat Chakraborty, Luca Buratti, Saurabh Pujar, Alessandro Morari, Gail Kaiser, Baishakhi Ray",United States,Columbia University,https://doi.org/10.1145/3597926.3598035,https://dl.acm.org/doi/pdf/10.1145/3597926.3598035
ConfFix: Repairing Configuration Compatibility Issues in Android Apps,Huaxun Huang,"Huaxun Huang, Chi Xu, Ming Wen, Yepang Liu, Shing-Chi Cheung",China,Hong Kong University of Science and Technology,https://doi.org/10.1145/3597926.3598074,https://dl.acm.org/doi/pdf/10.1145/3597926.3598074
CoopHance: Cooperative Enhancement for Robustness of Deep Learning Systems,Quan Zhang,"Quan Zhang, Yongqiang Tian, Yifeng Ding, Shanshan Li, Chengnian Sun, Yu Jiang, Jiaguang Sun",China,Tsinghua University,https://doi.org/10.1145/3597926.3598093,https://dl.acm.org/doi/pdf/10.1145/3597926.3598093
CydiOS: A Model-Based Testing Framework for iOS Apps,Shuohan Wu,"Shuohan Wu, Jianfeng Li, Hao Zhou, Yongsheng Fang, Kaifa ZHAO, Haoyu Wang, Chenxiong Qian, Xiapu Luo",China,Hong Kong Polytechnic University,https://doi.org/10.1145/3597926.3598033,https://dl.acm.org/doi/pdf/10.1145/3597926.3598033
Data Constraint Mining for Automatic Reconciliation Scripts Generation,Tianxiao Wang,"Tianxiao Wang, Chen Zhi, Xiaoqun Zhou, Jinjie Wu, Jianwei Yin, Shuiguang Deng",China,Zhejiang University; Alibaba-Zhejiang University Joint Institute of Frontier Technologies,https://doi.org/10.1145/3597926.3598122,https://dl.acm.org/doi/pdf/10.1145/3597926.3598122
DDLDroid: Efficiently Detecting Data Loss Issues in Android Apps,Yuhao Zhou,"Yuhao Zhou, Wei Song",China,Nanjing University of Science and Technology,https://doi.org/10.1145/3597926.3598089,https://dl.acm.org/doi/pdf/10.1145/3597926.3598089
DeepAtash: Focused Test Generation for Deep Learning Systems,Tahereh Zohdinasab,"Tahereh Zohdinasab, Vincenzo Riccio, Paolo Tonella",Switzerland,USI Lugano,https://doi.org/10.1145/3597926.3598109,https://dl.acm.org/doi/pdf/10.1145/3597926.3598109
Definition and Detection of Defects in NFT Smart Contracts,Shuo Yang,"Shuo Yang, Jiachi Chen, Zibin Zheng",China,Sun Yat-sen University,https://doi.org/10.1145/3597926.3598063,https://dl.acm.org/doi/pdf/10.1145/3597926.3598063
DeFiTainter: Detecting Price Manipulation Vulnerabilities in DeFi Protocols,Queping Kong,"Queping Kong, Jiachi Chen, Yanlin Wang, Zigui Jiang, Zibin Zheng",China,Sun Yat-sen University,https://doi.org/10.1145/3597926.3598124,https://dl.acm.org/doi/pdf/10.1145/3597926.3598124
Dependency-Aware Metamorphic Testing of Datalog Engines,Muhammad Numair Mansur,"Muhammad Numair Mansur, Valentin Wüstholz, Maria Christakis",Germany,Amazon Web Services,https://doi.org/10.1145/3597926.3598052,https://dl.acm.org/doi/pdf/10.1145/3597926.3598052
Detecting Condition-Related Bugs with Control Flow Graph Neural Network,Jian Zhang,"Jian Zhang, Xu Wang, Hongyu Zhang, Hailong Sun, Xudong Liu, Chunming Hu, Yang Liu",China,Beihang University,https://doi.org/10.1145/3597926.3598142,https://dl.acm.org/doi/pdf/10.1145/3597926.3598142
Detecting State Inconsistency Bugs in DApps via On-Chain Transaction Replay and Fuzzing,Mingxi Ye,"Mingxi Ye, Yuhong Nan, Zibin Zheng, Dongpeng Wu, Huizhong Li",China,Sun Yat-sen University,https://doi.org/10.1145/3597926.3598057,https://dl.acm.org/doi/pdf/10.1145/3597926.3598057
Detecting Vulnerabilities in Linux-Based Embedded Firmware with SSE-Based On-Demand Alias Analysis,Kai Cheng,"Kai Cheng, Yaowen Zheng, Tao Liu, Le Guan, Peng Liu, Hong Li, Hongsong Zhu, Kejiang Ye, Limin Sun",China,Shenzhen Institute of Advanced Technology at Chinese Academy of Sciences; Sangfor Technologies,https://doi.org/10.1145/3597926.3598062,https://dl.acm.org/doi/pdf/10.1145/3597926.3598062
DeUEDroid: Detecting Underground Economy Apps Based on UTG Similarity,Zhuo Chen,"Zhuo Chen, Jie Liu, Yubo Hu, Lei Wu, Yajin Zhou, Yiling He, Xianhao Liao, Ke Wang, Jinku Li, Zhan Qin",China,Zhejiang University; Ant Group,https://doi.org/10.1145/3597926.3598051,https://dl.acm.org/doi/pdf/10.1145/3597926.3598051
DyCL: Dynamic Neural Network Compilation Via Program Rewriting and Graph Optimization,Simin Chen,"Simin Chen, Shiyi Wei, Cong Liu, Wei Yang",United States,University of Texas at Dallas,https://doi.org/10.1145/3597926.3598082,https://dl.acm.org/doi/pdf/10.1145/3597926.3598082
Enhancing REST API Testing with NLP Techniques,Myeongsoo Kim,"Myeongsoo Kim, Davide Corradini, Saurabh Sinha, Alessandro Orso, Michele Pasqua, Rachel Tzoref-Brill, Mariano Ceccato",United States,Georgia Institute of Technology,https://doi.org/10.1145/3597926.3598131,https://dl.acm.org/doi/pdf/10.1145/3597926.3598131
Eunomia: Enabling User-Specified Fine-Grained Search in Symbolically Executing WebAssembly Binaries,Ningyu He,"Ningyu He, Zhehao Zhao, Jikai Wang, Yubin Hu, Shengjian (Daniel) Guo, Haoyu Wang, Guangtai Liang, Ding Li, Xiangqun Chen, Yao Guo",China,Peking University,https://doi.org/10.1145/3597926.3598064,https://dl.acm.org/doi/pdf/10.1145/3597926.3598064
Exploring Missed Optimizations in WebAssembly Optimizers,Zhibo Liu,"Zhibo Liu, Dongwei Xiao, Li Zongjie, Shuai Wang, Wei Meng",China,Hong Kong University of Science and Technology,https://doi.org/10.1145/3597926.3598068,https://dl.acm.org/doi/pdf/10.1145/3597926.3598068
Extracting Inline Tests from Unit Tests,Yu Liu,"Yu Liu, Pengyu Nie, Anna Guo, Milos Gligoric, Owolabi Legunsen",United States,University of Texas at Austin,https://doi.org/10.1145/3597926.3598149,https://dl.acm.org/doi/pdf/10.1145/3597926.3598149
FairRec: Fairness Testing for Deep Recommender Systems,Huizhong Guo,"Huizhong Guo, Jinfeng Li, Jingyi Wang, Xiangyu Liu, Dongxia Wang, Zehong Hu, Rong Zhang, Hui Xue",China,Zhejiang University,https://doi.org/10.1145/3597926.3598058,https://dl.acm.org/doi/pdf/10.1145/3597926.3598058
Finding Short Slow Inputs Faster with Grammar-Based Search,Ziyad Alsaeed,"Ziyad Alsaeed, Michal Young",Saudi Arabia,Qassim University,https://doi.org/10.1145/3597926.3598118,https://dl.acm.org/doi/pdf/10.1145/3597926.3598118
Fine-Grained Code Clone Detection with Block-Based Splitting of Abstract Syntax Tree,Tiancheng Hu,"Tiancheng Hu, Zijing Xu, Yilin Fang, Yueming Wu, Bin Yuan, Deqing Zou, Hai Jin",China,Huazhong University of Science and Technology,https://doi.org/10.1145/3597926.3598040,https://dl.acm.org/doi/pdf/10.1145/3597926.3598040
Fuzzing Deep Learning Compilers with HirGen,Haoyang Ma,"Haoyang Ma, Qingchao Shen, Yongqiang Tian, Junjie Chen, Shing-Chi Cheung",China,Hong Kong University of Science and Technology,https://doi.org/10.1145/3597926.3598053,https://dl.acm.org/doi/pdf/10.1145/3597926.3598053
Fuzzing Embedded Systems using Debug Interfaces,Max Eisele,"Max Eisele, Daniel Ebert, Christopher Huth, Andreas Zeller",Germany,Robert Bosch; Saarland University,https://doi.org/10.1145/3597926.3598115,https://dl.acm.org/doi/pdf/10.1145/3597926.3598115
GDsmith: Detecting Bugs in Cypher Graph Database Engines,Ziyue Hua,"Ziyue Hua, Wei Lin, Luyao Ren, Zongyang Li, Lu Zhang, Wenpin Jiao, Tao Xie",China,Peking University,https://doi.org/10.1145/3597926.3598046,https://dl.acm.org/doi/pdf/10.1145/3597926.3598046
GenCoG: A DSL-Based Approach to Generating Computation Graphs for TVM Testing,Zihan Wang,"Zihan Wang, Pengbo Nie, Xinyuan Miao, Yuting Chen, Chengcheng Wan, Lei Bu, Jianjun Zhao",China,Shanghai Jiao Tong University,https://doi.org/10.1145/3597926.3598105,https://dl.acm.org/doi/pdf/10.1145/3597926.3598105
GPUHarbor: Testing GPU Memory Consistency at Large (Experience Paper),Reese Levine,"Reese Levine, Mingun Cho, Devon McKee, Andrew Quinn, Tyler Sorensen",United States,University of California at Santa Cruz,https://doi.org/10.1145/3597926.3598095,https://dl.acm.org/doi/pdf/10.1145/3597926.3598095
GrayC: Greybox Fuzzing of Compilers and Analysers for C,Karine Even-Mendoza,"Karine Even-Mendoza, Arindam Sharma, Alastair F. Donaldson, Cristian Cadar",United Kingdom,King’s College London,https://doi.org/10.1145/3597926.3598130,https://dl.acm.org/doi/pdf/10.1145/3597926.3598130
Green Fuzzer Benchmarking,Jiradet Ounjai,"Jiradet Ounjai, Valentin Wüstholz, Maria Christakis",Germany,MPI-SWS,https://doi.org/10.1145/3597926.3598144,https://dl.acm.org/doi/pdf/10.1145/3597926.3598144
Green Fuzzing: A Saturation-Based Stopping Criterion using Vulnerability Prediction,Stephan Lipp,"Stephan Lipp, Daniel Elsner, Severin Kacianka, Alexander Pretschner, Marcel Böhme, Sebastian Banescu",Germany,TU Munich,https://doi.org/10.1145/3597926.3598043,https://dl.acm.org/doi/pdf/10.1145/3597926.3598043
Guided Retraining to Enhance the Detection of Difficult Android Malware,Nadia Daoudi,"Nadia Daoudi, Kevin Allix, Tegawendé F. Bissyandé, Jacques Klein",Luxembourg,University of Luxembourg,https://doi.org/10.1145/3597926.3598123,https://dl.acm.org/doi/pdf/10.1145/3597926.3598123
Guiding Greybox Fuzzing with Mutation Testing,Vasudev Vikram,"Vasudev Vikram, Isabella Laybourn, Ao Li, Nicole Nair, Kelton OBrien, Rafaello Sanna, Rohan Padhye",United States,Carnegie Mellon University,https://doi.org/10.1145/3597926.3598107,https://dl.acm.org/doi/pdf/10.1145/3597926.3598107
How Effective Are Neural Networks for Fixing Security Vulnerabilities,Yi Wu,"Yi Wu, Nan Jiang, Hung Viet Pham, Thibaud Lutellier, Jordan Davis, Lin Tan, Petr Babkin, Sameena Shah",United States,Purdue University,https://doi.org/10.1145/3597926.3598135,https://dl.acm.org/doi/pdf/10.1145/3597926.3598135
Hybrid Inlining: A Framework for Compositional and Context-Sensitive Static Analysis,Jiangchao Liu,"Jiangchao Liu, Jierui Liu, Peng Di, Diyu Wu, Hengjie Zheng, Alex X. Liu, Jingling Xue",China,Ant Group; ByteDance,https://doi.org/10.1145/3597926.3598042,https://dl.acm.org/doi/pdf/10.1145/3597926.3598042
Icicle: A Re-designed Emulator for Grey-Box Firmware Fuzzing,Michael Chesser,"Michael Chesser, Surya Nepal, Damith C. Ranasinghe",Australia,University of Adelaide,https://doi.org/10.1145/3597926.3598039,https://dl.acm.org/doi/pdf/10.1145/3597926.3598039
Improving Binary Code Similarity Transformer Models by Semantics-Driven Instruction Deemphasis,Xiangzhe Xu,"Xiangzhe Xu, Shiwei Feng, Yapeng Ye, Guangyu Shen, Zian Su, Siyuan Cheng, Guanhong Tao, Qingkai Shi, Zhuo Zhang, Xiangyu Zhang",United States,Purdue University,https://doi.org/10.1145/3597926.3598121,https://dl.acm.org/doi/pdf/10.1145/3597926.3598121
Improving Bit-Blasting for Nonlinear Integer Constraints,Fuqi Jia,"Fuqi Jia, Rui Han, Pei Huang, Minghao Liu, Feifei Ma, Jian Zhang",China,Institute of Software at Chinese Academy of Sciences; University of Chinese Academy of Sciences,https://doi.org/10.1145/3597926.3598034,https://dl.acm.org/doi/pdf/10.1145/3597926.3598034
Improving Spectrum-Based Localization of Multiple Faults by Iterative Test Suite Reduction,Dylan Callaghan,"Dylan Callaghan, Bernd Fischer",South Africa,Stellenbosch University,https://doi.org/10.1145/3597926.3598148,https://dl.acm.org/doi/pdf/10.1145/3597926.3598148
In Defense of Simple Techniques for Neural Network Test Case Selection,Shenglin Bao,"Shenglin Bao, Chaofeng Sha, Bihuan Chen, Xin Peng, Wenyun Zhao",China,Fudan University,https://doi.org/10.1145/3597926.3598073,https://dl.acm.org/doi/pdf/10.1145/3597926.3598073
Interpreters for GNN-Based Vulnerability Detection: Are We There Yet?,Yutao Hu,"Yutao Hu, Suyuan Wang, Wenke Li, Junru Peng, Yueming Wu, Deqing Zou, Hai Jin",China,Huazhong University of Science and Technology,https://doi.org/10.1145/3597926.3598145,https://dl.acm.org/doi/pdf/10.1145/3597926.3598145
iSyn: Semi-automated Smart Contract Synthesis from Legal Financial Agreements,Pengcheng Fang,"Pengcheng Fang, Zhenhua Zou, Xusheng Xiao, Zhuotao Liu",United States,Case Western Reserve University,https://doi.org/10.1145/3597926.3598091,https://dl.acm.org/doi/pdf/10.1145/3597926.3598091
ItyFuzz: Snapshot-Based Fuzzer for Smart Contract,Chaofan Shou,"Chaofan Shou, Shangyin Tan, Koushik Sen",United States,University of California at Santa Barbara,https://doi.org/10.1145/3597926.3598059,https://dl.acm.org/doi/pdf/10.1145/3597926.3598059
June: A Type Testability Transformation for Improved ATG Performance,Dan Bruce,"Dan Bruce, David Kelly, Hector Menendez, Earl T. Barr, David Clark",United Kingdom,University College London,https://doi.org/10.1145/3597926.3598055,https://dl.acm.org/doi/pdf/10.1145/3597926.3598055
Large Language Models Are Zero-Shot Fuzzers: Fuzzing Deep-Learning Libraries via Large Language Models,Yinlin Deng,"Yinlin Deng, Chunqiu Steven Xia, Haoran Peng, Chenyuan Yang, Lingming Zhang",United States,University of Illinois at Urbana-Champaign,https://doi.org/10.1145/3597926.3598067,https://dl.acm.org/doi/pdf/10.1145/3597926.3598067
Latent Imitator: Generating Natural Individual Discriminatory Instances for Black-Box Fairness Testing,Yisong Xiao,"Yisong Xiao, Aishan Liu, Li Tianlin, Xianglong Liu",China,Beihang University,https://doi.org/10.1145/3597926.3598099,https://dl.acm.org/doi/pdf/10.1145/3597926.3598099
LiResolver: License Incompatibility Resolution for Open Source Software,Sihan Xu,"Sihan Xu, Ya Gao, Lingling Fan, Linyu Li, Xiangrui Cai, Zheli Liu",China,Nankai University,https://doi.org/10.1145/3597926.3598085,https://dl.acm.org/doi/pdf/10.1145/3597926.3598085
Loop Invariant Inference through SMT Solving Enhanced Reinforcement Learning,Shiwen Yu,"Shiwen Yu, Ting Wang, Ji Wang",China,National University of Defense Technology,https://doi.org/10.1145/3597926.3598047,https://dl.acm.org/doi/pdf/10.1145/3597926.3598047
ModelObfuscator: Obfuscating Model Information to Protect Deployed ML-Based Systems,Mingyi Zhou,"Mingyi Zhou, Xiang Gao, Jing Wu, John Grundy, Xiao Chen, Chunyang Chen, Li Li",Australia,Monash University,https://doi.org/10.1145/3597926.3598113,https://dl.acm.org/doi/pdf/10.1145/3597926.3598113
More Precise Regression Test Selection via Reasoning about Semantics-Modifying Changes,Yu Liu,"Yu Liu, Jiyang Zhang, Pengyu Nie, Milos Gligoric, Owolabi Legunsen",United States,University of Texas at Austin,https://doi.org/10.1145/3597926.3598086,https://dl.acm.org/doi/pdf/10.1145/3597926.3598086
NodeRT: Detecting Races in Node.js Applications Practically,Jingyao Zhou,"Jingyao Zhou, Lei Xu, Gongzheng Lu, Weifeng Zhang, Xiangyu Zhang",China,Nanjing University,https://doi.org/10.1145/3597926.3598139,https://dl.acm.org/doi/pdf/10.1145/3597926.3598139
OCFI: Make Function Entry Identification Hard Again,Chengbin Pang,"Chengbin Pang, Tiantai Zhang, Xuelan Xu, Linzhang Wang, Bing Mao",China,Nanjing University,https://doi.org/10.1145/3597926.3598097,https://dl.acm.org/doi/pdf/10.1145/3597926.3598097
Pattern-Based Peephole Optimizations with Java JIT Tests,Zhiqiang Zang,"Zhiqiang Zang, Aditya Thimmaiah, Milos Gligoric",United States,University of Texas at Austin,https://doi.org/10.1145/3597926.3598038,https://dl.acm.org/doi/pdf/10.1145/3597926.3598038
PhysCov: Physical Test Coverage for Autonomous Vehicles,Carl Hildebrandt,"Carl Hildebrandt, Meriel Stein, Sebastian Elbaum",United States,University of Virginia,https://doi.org/10.1145/3597926.3598069,https://dl.acm.org/doi/pdf/10.1145/3597926.3598069
Precise and Efficient Patch Presence Test for Android Applications against Code Obfuscation,Zifan Xie,"Zifan Xie, Ming Wen, Haoxiang Jia, Xiaochen Guo, Xiaotong Huang, Deqing Zou, Hai Jin",China,Huazhong University of Science and Technology,https://doi.org/10.1145/3597926.3598061,https://dl.acm.org/doi/pdf/10.1145/3597926.3598061
Quantitative Policy Repair for Access Control on the Cloud,William Eiers,"William Eiers, Ganesh Sankaran, Tevfik Bultan",United States,University of California at Santa Barbara,https://doi.org/10.1145/3597926.3598078,https://dl.acm.org/doi/pdf/10.1145/3597926.3598078
Rare Path Guided Fuzzing,Seemanta Saha,"Seemanta Saha, Laboni Sarker, Md Shafiuzzaman, Chaofan Shou, Albert Li, Ganesh Sankaran, Tevfik Bultan",United States,University of California at Santa Barbara,https://doi.org/10.1145/3597926.3598136,https://dl.acm.org/doi/pdf/10.1145/3597926.3598136
Reducing the Memory Footprint of IFDS-Based Data-Flow Analyses using Fine-Grained Garbage Collection,Dongjie He,"Dongjie He, Yujiang Gui, Yaoqing Gao, Jingling Xue",Australia,UNSW,https://doi.org/10.1145/3597926.3598041,https://dl.acm.org/doi/pdf/10.1145/3597926.3598041
RefBERT: A Two-Stage Pre-trained Framework for Automatic Rename Refactoring,Hao Liu,"Hao Liu, Yanlin Wang, Zhao Wei, Yong Xu, Juhong Wang, Hui Li, Rongrong Ji",China,Xiamen University,https://doi.org/10.1145/3597926.3598092,https://dl.acm.org/doi/pdf/10.1145/3597926.3598092
ROME: Testing Image Captioning Systems via Recursive Object Melting,BoXi Yu,"BoXi Yu, Zhiqing Zhong, Jiaqi Li, Yixing Yang, Shilin He, Pinjia He",China,Chinese University of Hong Kong,https://doi.org/10.1145/3597926.3598094,https://dl.acm.org/doi/pdf/10.1145/3597926.3598094
SBDT: Search-Based Differential Testing of Certificate Parsers in SSL/TLS Implementations,Chu Chen,"Chu Chen, Pinghong Ren, Zhenhua Duan, Cong Tian, Xu Lu, Bin Yu",China,Qufu Normal University,https://doi.org/10.1145/3597926.3598110,https://dl.acm.org/doi/pdf/10.1145/3597926.3598110
Security Checking of Trigger-Action-Programming Smart Home Integrations,Lei Bu,"Lei Bu, Qiuping Zhang, Suwan Li, Jinglin Dai, Guangdong Bai, Kai Chen, Xuandong Li",China,Nanjing University,https://doi.org/10.1145/3597926.3598084,https://dl.acm.org/doi/pdf/10.1145/3597926.3598084
Semantic-Based Neural Network Repair,Richard Schumi,"Richard Schumi, Jun Sun",Singapore,Singapore Management University,https://doi.org/10.1145/3597926.3598045,https://dl.acm.org/doi/pdf/10.1145/3597926.3598045
Silent Compiler Bug De-duplication via Three-Dimensional Analysis,Chen Yang,"Chen Yang, Junjie Chen, Xingyu Fan, Jiajun Jiang, Jun Sun",China,Tianjin University,https://doi.org/10.1145/3597926.3598087,https://dl.acm.org/doi/pdf/10.1145/3597926.3598087
Simulation-Based Validation for Autonomous Driving Systems,Changwen Li,"Changwen Li, Joseph Sifakis, Qiang Wang, Rongjie Yan, Jian Zhang",China,Institute of Software at Chinese Academy of Sciences; University of Chinese Academy of Sciences,https://doi.org/10.1145/3597926.3598100,https://dl.acm.org/doi/pdf/10.1145/3597926.3598100
SlipCover: Near Zero-Overhead Code Coverage for Python,Juan Altmayer Pizzorno,"Juan Altmayer Pizzorno, Emery D. Berger",United States,University of Massachusetts Amherst,https://doi.org/10.1145/3597926.3598128,https://dl.acm.org/doi/pdf/10.1145/3597926.3598128
SmartState: Detecting State-Reverting Vulnerabilities in Smart Contracts via Fine-Grained State-Dependency Analysis,Zeqin Liao,"Zeqin Liao, Sicheng Hao, Yuhong Nan, Zibin Zheng",China,Sun Yat-sen University,https://doi.org/10.1145/3597926.3598111,https://dl.acm.org/doi/pdf/10.1145/3597926.3598111
Splendor: Static Detection of Stored XSS in Modern Web Applications,He Su,"He Su, Feng Li, Lili Xu, Wenbo Hu, Yujie Sun, Qing Sun, Huina Chao, Wei Huo",China,Institute of Information Engineering at Chinese Academy of Sciences,https://doi.org/10.1145/3597926.3598116,https://dl.acm.org/doi/pdf/10.1145/3597926.3598116
Synthesizing Speech Test Cases with Text-to-Speech? An Empirical Study on the False Alarms in Automated Speech Recognition Testing,Julia Kaiwen Lau,"Julia Kaiwen Lau, Kelvin Kai Wen Kong, Julian Hao Yong, Per Hoong Tan, Zhou Yang, Zi Qian Yong, Joshua Chern Wey Low, Chun Yong Chong, Mei Kuan Lim, David Lo",Malaysia,Monash University Malaysia,https://doi.org/10.1145/3597926.3598126,https://dl.acm.org/doi/pdf/10.1145/3597926.3598126
Systematically Producing Test Orders to Detect Order-Dependent Flaky Tests,Chengpeng Li,"Chengpeng Li, M. Mahdi Khosravi, Wing Lam, August Shi",United States,University of Texas at Austin,https://doi.org/10.1145/3597926.3598083,https://dl.acm.org/doi/pdf/10.1145/3597926.3598083
Systematic Testing of the Data-Poisoning Robustness of KNN,Yannan Li,"Yannan Li, Jingbo Wang, Chao Wang",United States,University of Southern California,https://doi.org/10.1145/3597926.3598129,https://dl.acm.org/doi/pdf/10.1145/3597926.3598129
Tai-e: A Developer-Friendly Static Analysis Framework for Java by Harnessing the Good Designs of Classics,Tian Tan,"Tian Tan, Yue Li",China,Nanjing University,https://doi.org/10.1145/3597926.3598120,https://dl.acm.org/doi/pdf/10.1145/3597926.3598120
Testing Automated Driving Systems by Breaking Many Laws Efficiently,Xiaodong Zhang,"Xiaodong Zhang, Zhao Wei, Yang Sun, Jun Sun, Yulong Shen, Xuewen Dong, Zijiang Yang",China,Xidian University,https://doi.org/10.1145/3597926.3598108,https://dl.acm.org/doi/pdf/10.1145/3597926.3598108
Testing Graph Database Engines via Query Partitioning,Matteo Kamm,"Matteo Kamm, Manuel Rigger, Chengyu Zhang, Zhendong Su",Switzerland,ETH Zurich,https://doi.org/10.1145/3597926.3598044,https://dl.acm.org/doi/pdf/10.1145/3597926.3598044
Testing the Compiler for a New-Born Programming Language: An Industrial Case Study (Experience Paper),Yingquan Zhao,"Yingquan Zhao, Junjie Chen, Ruifeng Fu, Haojie Ye, Zan Wang",China,Tianjin University,https://doi.org/10.1145/3597926.3598077,https://dl.acm.org/doi/pdf/10.1145/3597926.3598077
ωTest: WebView-Oriented Testing for Android Applications,Jiajun Hu,"Jiajun Hu, Lili Wei, Yepang Liu, Shing-Chi Cheung",China,Hong Kong University of Science and Technology,https://doi.org/10.1145/3597926.3598112,https://dl.acm.org/doi/pdf/10.1145/3597926.3598112
That’s a Tough Call: Studying the Challenges of Call Graph Construction for WebAssembly,Daniel Lehmann,"Daniel Lehmann, Michelle Thalakottur, Frank Tip, Michael Pradel",Germany,University of Stuttgart,https://doi.org/10.1145/3597926.3598104,https://dl.acm.org/doi/pdf/10.1145/3597926.3598104
Third-Party Library Dependency for Large-Scale SCA in the C/C++ Ecosystem: How Far Are We?,Ling Jiang,"Ling Jiang, Hengchen Yuan, Qiyi Tang, Sen Nie, Shi Wu, Yuqun Zhang",China,Southern University of Science and Technology,https://doi.org/10.1145/3597926.3598143,https://dl.acm.org/doi/pdf/10.1145/3597926.3598143
To Kill a Mutant: An Empirical Study of Mutation Testing Kills,Hang Du,"Hang Du, Vijay Krishna Palepu, James Jones",United States,University of California at Irvine,https://doi.org/10.1145/3597926.3598090,https://dl.acm.org/doi/pdf/10.1145/3597926.3598090
Toward Automated Detecting Unanticipated Price Feed in Smart Contract,Yifan Mo,"Yifan Mo, Jiachi Chen, Yanlin Wang, Zibin Zheng",China,Sun Yat-sen University,https://doi.org/10.1145/3597926.3598133,https://dl.acm.org/doi/pdf/10.1145/3597926.3598133
Towards Efficient Fine-Tuning of Pre-trained Code Models: An Experimental Study and Beyond,Ensheng Shi,"Ensheng Shi, Yanlin Wang, Hongyu Zhang, Lun Du, Shi Han, Dongmei Zhang, Hongbin Sun",China,Xi’an Jiaotong University,https://doi.org/10.1145/3597926.3598036,https://dl.acm.org/doi/pdf/10.1145/3597926.3598036
Towards More Realistic Evaluation for Neural Test Oracle Generation,Zhongxin Liu,"Zhongxin Liu, Kui Liu, Xin Xia, Xiaohu Yang",China,Zhejiang University,https://doi.org/10.1145/3597926.3598080,https://dl.acm.org/doi/pdf/10.1145/3597926.3598080
Transforming Test Suites into Croissants,Yang Chen,"Yang Chen, Alperen Yildiz, Darko Marinov, Reyhaneh Jabbarvand",United States,University of Illinois at Urbana-Champaign,https://doi.org/10.1145/3597926.3598119,https://dl.acm.org/doi/pdf/10.1145/3597926.3598119
Type Batched Program Reduction,Golnaz Gharachorlu,"Golnaz Gharachorlu, Nick Sumner",Canada,Simon Fraser University,https://doi.org/10.1145/3597926.3598065,https://dl.acm.org/doi/pdf/10.1145/3597926.3598065
Understanding and Tackling Label Errors in Deep Learning-Based Vulnerability Detection (Experience Paper),XuNie ,"XuNie , Ningke Li, Kailong Wang, Shangguang Wang, Xiapu Luo, Haoyu Wang",China,Huazhong University of Science and Technology; Beijing University of Posts and Telecommunications,https://doi.org/10.1145/3597926.3598037,https://dl.acm.org/doi/pdf/10.1145/3597926.3598037
Understanding Breaking Changes in the Wild,Dhanushka Jayasuriya,"Dhanushka Jayasuriya, Valerio Terragni, Jens Dietrich, Samuel Ou, Kelly Blincoe",New Zealand,University of Auckland,https://doi.org/10.1145/3597926.3598147,https://dl.acm.org/doi/pdf/10.1145/3597926.3598147
Validating Multimedia Content Moderation Software via Semantic Fusion,Wenxuan Wang,"Wenxuan Wang, Jingyuan Huang, Chang Chen, Jiazhen Gu, Jianping Zhang, Weibin Wu, Pinjia He, Michael Lyu",China,Chinese University of Hong Kong,https://doi.org/10.1145/3597926.3598079,https://dl.acm.org/doi/pdf/10.1145/3597926.3598079
Vectorizing Program Ingredients for Better JVM Testing,Tianchang Gao,"Tianchang Gao, Junjie Chen, Yingquan Zhao, Yuqun Zhang, Lingming Zhang",China,Tianjin University,https://doi.org/10.1145/3597926.3598075,https://dl.acm.org/doi/pdf/10.1145/3597926.3598075
Virtual Reality (VR) Automated Testing in the Wild: A Case Study on Unity-Based VR Applications,Dhia Elhaq Rzig,"Dhia Elhaq Rzig, Nafees Iqbal, Isabella Attisano, Xue Qin, Foyzul Hassan",United States,University of Michigan at Dearborn,https://doi.org/10.1145/3597926.3598134,https://dl.acm.org/doi/pdf/10.1145/3597926.3598134
What You See Is What You Get? It Is Not the Case! Detecting Misleading Icons for Mobile Applications,LI Linlin,"LI Linlin, Ruifeng Wang, Xian Zhan, Ying Wang, Cuiyun Gao, Sinan Wang, Yepang Liu",China,Southern University of Science and Technology,https://doi.org/10.1145/3597926.3598076,https://dl.acm.org/doi/pdf/10.1145/3597926.3598076
Who Judges the Judge: An Empirical Study on Online Judge Tests,Kaibo Liu,"Kaibo Liu, Yudong Han, Jie M. Zhang, Zhenpeng Chen, Federica Sarro, Mark Harman, Gang Huang, Yun Ma",China,Peking University,https://doi.org/10.1145/3597926.3598060,https://dl.acm.org/doi/pdf/10.1145/3597926.3598060
